Title,Date
Stranger Things: Season 4: Chapter One,15.06.25
Stranger Things: Season 4: Chapter Two,15.06.25
Stranger Things: Season 4: Chapter Three,16.06.25
Stranger Things: Season 4: Chapter Four,16.06.25
The Crown: Season 1: Wolferton Splash,10.05.25
The Crown: Season 1: Hyde Park Corner,10.05.25
Inception,02.01.25
Inception,20.06.25
The Dark Knight,15.03.25
Breaking Bad: Season 1: Pilot,01.02.25
Breaking Bad: Season 1: Cat's in the Bag...,01.02.25
Breaking Bad: Season 1: ...And the Bag's in the River,02.02.25
Breaking Bad: Season 2: Seven Thirty-Seven,03.02.25
Love Actually,24.12.24
Love Actually,24.12.25
The Notebook,14.02.25
La La Land,05.05.25
Interstellar,18.06.25
Interstellar,25.06.25
The Office: Season 1: Pilot,10.01.25
The Office: Season 1: Diversity Day,10.01.25
The Office: Season 2: The Dundies,11.01.25
Money Heist: Part 1: Chapter 1,03.03.25
Money Heist: Part 1: Chapter 2,03.03.25
Money Heist: Part 1: Chapter 3,04.03.25
Parasite,22.04.25
The Silence of the Lambs,30.06.25
